metric,value
n_windows,12.0
L_mean,791.6666666666666
L_std,257.46432527221856
S_mean,0.022500000000000003
S_std,0.009653072991634227
L_nunique,2.0
S_nunique,3.0
