metric,value
n_windows,76.0
L_mean,1032.8947368421052
L_std,767.400487862713
S_mean,0.012894736842105261
S_std,0.007083462331126722
L_nunique,5.0
S_nunique,2.0
